transaction_id,procedure_id,trans_group_id,trans_group_ar,trans_group_en,procedure_name_ar,procedure_name_en,instance_date,property_type_id,property_type_ar,property_type_en,property_sub_type_id,property_sub_type_ar,property_sub_type_en,property_usage_ar,property_usage_en,reg_type_id,reg_type_ar,reg_type_en,area_id,area_name_ar,area_name_en,building_name_ar,building_name_en,project_number,project_name_ar,project_name_en,master_project_en,master_project_ar,nearest_landmark_ar,nearest_landmark_en,nearest_metro_ar,nearest_metro_en,nearest_mall_ar,nearest_mall_en,rooms_ar,rooms_en,has_parking,procedure_area,actual_worth,meter_sale_price,rent_value,meter_rent_price,no_of_parties_role_1,no_of_parties_role_2,no_of_parties_role_3
1-11-2001-165,11,1,مبايعات,Sales,بيع,Sell,24-02-2001,1,أرض,Land,,,,تجاري,Commercial,1,العقارات القائمة,Existing Properties,364,الوصل,Al Wasl,,,,,,,,,,,,,,,,0,1393.55,1350000.0,968.75,,,1.0,1.0,0.0
3-9-2004-223,9,3,هبات,Gifts,هبه,Grant,13-12-2004,4,فيلا,Villa,,,,تجاري,Commercial,1,العقارات القائمة,Existing Properties,365,الحضيبه,Al Hudaiba,,,,,,,,برج خليفة,Burj Khalifa,محطة مترو الجافلية,Al Jafiliya Metro Station,مول دبي,Dubai Mall,,,0,1728.0,2790000.0,1614.58,,,1.0,1.0,0.0
2-13-1996-119,13,2,رهون,Mortgages,تسجيل رهن,Mortgage Registration,12-03-2001,1,أرض,Land,,,,تجاري,Commercial,1,العقارات القائمة,Existing Properties,390,برج خليفة,Burj Khalifa,,,,,,,,,,,,,,,,0,929.03,20000000.0,21527.83,,,1.0,1.0,0.0
2-14-2005-222,14,2,رهون,Mortgages,تعديل رهن,Modify Mortgage,20-09-2005,2,مبنى,Building,,,,سكني / تجاري,Residential / Commercial,1,العقارات القائمة,Existing Properties,388,عود ميثا,Oud Metha,,,,,,,,مطار دبي الدولي,Dubai International Airport,محطة مترو عود ميثاء,Oud Metha Metro Station,مول دبي,Dubai Mall,,,0,2673.28,25000000.0,9351.81,,,1.0,1.0,0.0
3-9-2012-874,9,3,هبات,Gifts,هبه,Grant,11-10-2012,4,فيلا,Villa,,,,سكني,Residential,1,العقارات القائمة,Existing Properties,276,البدع,Al Bada,,,,,,,,برج خليفة,Burj Khalifa,محطة مترو المركز التجاري,Trade Centre Metro Station,مول دبي,Dubai Mall,,,0,1541.17,9000000.0,5839.72,,,1.0,1.0,0.0
1-11-2001-230,11,1,مبايعات,Sales,بيع,Sell,18-03-2001,2,مبنى,Building,,,,سكني,Residential,1,العقارات القائمة,Existing Properties,271,الكرامه,Al Karama,,,,,,,,برج خليفة,Burj Khalifa,محطة مترو بنك أبوظبي التجاري,ADCB Metro Station,مول دبي,Dubai Mall,,,0,211.35,850000.0,4021.76,,,5.0,1.0,0.0
2-13-2005-88,13,2,رهون,Mortgages,تسجيل رهن,Mortgage Registration,07-02-2005,2,مبنى,Building,,,,سكني / تجاري,Residential / Commercial,1,العقارات القائمة,Existing Properties,271,الكرامه,Al Karama,,,,,,,,برج خليفة,Burj Khalifa,محطة مترو بنك أبوظبي التجاري,ADCB Metro Station,مول دبي,Dubai Mall,,,0,1969.54,4500000.0,2284.8,,,1.0,1.0,0.0
3-9-2008-90,9,3,هبات,Gifts,هبه,Grant,12-06-2008,2,مبنى,Building,,,,سكني / تجاري,Residential / Commercial,1,العقارات القائمة,Existing Properties,367,السوق الكبير,Al Suq Al Kabeer,,,,,,,,مطار دبي الدولي,Dubai International Airport,محطة مترو الغبيبة,Al Ghubaiba Metro Station,مول دبي,Dubai Mall,,,0,960.99,50000000.0,52029.68,,,1.0,1.0,0.0
3-9-2017-2436,9,3,هبات,Gifts,هبه,Grant,19-12-2017,2,مبنى,Building,,,,تجاري,Commercial,1,العقارات القائمة,Existing Properties,267,الرفاعه,Al Raffa,,,,,,,,برج خليفة,Burj Khalifa,محطة مترو الغبيبة,Al Ghubaiba Metro Station,مول دبي,Dubai Mall,,,0,4645.15,22499968.0,4843.75,,,1.0,1.0,0.0
1-11-2002-300031,11,1,مبايعات,Sales,بيع,Sell,25-03-2002,1,أرض,Land,,,,سكني,Residential,1,العقارات القائمة,Existing Properties,269,الحمريه,Al Hamriya,,,,,,,,مطار دبي الدولي,Dubai International Airport,محطة مترو برجمان,Burjuman Metro Station,مول دبي,Dubai Mall,,,0,37.53,121194.0,3229.26,,,1.0,6.0,0.0
2-14-2005-23,14,2,رهون,Mortgages,تعديل رهن,Modify Mortgage,06-02-2005,2,مبنى,Building,,,,سكني / تجاري,Residential / Commercial,1,العقارات القائمة,Existing Properties,267,الرفاعه,Al Raffa,,,,,,,,برج خليفة,Burj Khalifa,محطة مترو الفهيدي,Al Fahidi Metro Station,مول دبي,Dubai Mall,,,0,4645.15,,25510.48,,,1.0,1.0,0.0
2-13-2003-999,13,2,رهون,Mortgages,تسجيل رهن,Mortgage Registration,10-12-2003,1,أرض,Land,,,,تجاري,Commercial,1,العقارات القائمة,Existing Properties,266,السطوه,Al Satwa,,,,,,,,,,,,,,,,0,213.68,250000.0,1169.97,,,1.0,1.0,0.0
1-11-1999-608,11,1,مبايعات,Sales,بيع,Sell,27-09-1999,1,أرض,Land,,,,تجاري,Commercial,1,العقارات القائمة,Existing Properties,229,ام سقيم,Um Suqaim,,,,,,,,,,,,,,,,0,1858.06,7000000.0,3767.37,,,1.0,1.0,0.0
1-11-2000-748,11,1,مبايعات,Sales,بيع,Sell,13-11-2000,1,أرض,Land,,,,تجاري,Commercial,1,العقارات القائمة,Existing Properties,229,ام سقيم,Um Suqaim,,,,,,,,,,,,,,,,0,929.03,2650000.0,2852.44,,,2.0,1.0,0.0
1-11-1998-929,11,1,مبايعات,Sales,بيع,Sell,10-09-1998,1,أرض,Land,,,,تجاري,Commercial,1,العقارات القائمة,Existing Properties,229,ام سقيم,Um Suqaim,,,,,,,,,,,,,,,,0,2993.98,3802786.0,1270.14,,,1.0,1.0,0.0
3-9-2008-18,9,3,هبات,Gifts,هبه,Grant,26-02-2008,4,فيلا,Villa,,,,سكني,Residential,1,العقارات القائمة,Existing Properties,264,ند الحمر,Nad Al Hamar,,,,,,,,مطار دبي الدولي,Dubai International Airport,محطة مترو الراشدية,Rashidiya Metro Station,سيتي سنتر مردف,City Centre Mirdif,,,0,1393.55,5000000.0,3587.96,,,1.0,1.0,0.0
1-11-2009-870,11,1,مبايعات,Sales,بيع,Sell,11-05-2009,1,أرض,Land,,,,سكني,Residential,1,العقارات القائمة,Existing Properties,264,ند الحمر,Nad Al Hamar,,,,,,,,مطار دبي الدولي,Dubai International Airport,محطة مترو الراشدية,Rashidiya Metro Station,سيتي سنتر مردف,City Centre Mirdif,,,0,910.45,1800000.0,1977.04,,,3.0,1.0,0.0
1-11-1998-267,11,1,مبايعات,Sales,بيع,Sell,04-05-1998,1,أرض,Land,,,,أخرى,Other,1,العقارات القائمة,Existing Properties,241,القصيص,Al Qusais,,,,,,,,,,,,,,,,0,22296.72,35000000.0,1569.74,,,1.0,1.0,0.0
1-11-1998-432,11,1,مبايعات,Sales,بيع,Sell,25-05-1998,1,أرض,Land,,,,تجاري,Commercial,1,العقارات القائمة,Existing Properties,241,القصيص,Al Qusais,,,,,,,,,,,,,,,,0,1297.95,350000.0,269.66,,,1.0,1.0,0.0
3-9-2007-173,9,3,هبات,Gifts,هبه,Grant,31-10-2007,2,مبنى,Building,,,,صناعي,Industrial,1,العقارات القائمة,Existing Properties,248,ام رمول,Um Ramool,,,,,,,,مطار دبي الدولي,Dubai International Airport,محطة مترو الامارات,Emirates Metro Station,سيتي سنتر مردف,City Centre Mirdif,,,0,7432.24,40000000.0,5381.96,,,13.0,1.0,0.0
3-9-2007-300043,9,3,هبات,Gifts,هبه,Grant,22-03-2007,1,أرض,Land,,,,سكني / تجاري,Residential / Commercial,1,العقارات القائمة,Existing Properties,240,بور سعيد,Port Saeed,,,,,,,,مطار دبي الدولي,Dubai International Airport,ديرة سيتي سنتر,Deira City Centre,مول دبي,Dubai Mall,,,0,28.74,187503.0,6524.12,,,1.0,3.0,0.0
3-9-2021-1294,9,3,هبات,Gifts,هبه,Grant,27-05-2021,4,فيلا,Villa,,,,سكني,Residential,1,العقارات القائمة,Existing Properties,231,الممزر,Al Mamzer,,,,,,,,مطار دبي الدولي,Dubai International Airport,محطة مترو القيادة,Al Qiyadah Metro Station,,,,,0,2322.58,10000000.0,4305.56,,,1.0,1.0,0.0
1-11-2003-778,11,1,مبايعات,Sales,بيع,Sell,02-06-2003,2,مبنى,Building,,,,سكني,Residential,1,العقارات القائمة,Existing Properties,239,البراحه,Al Baraha,,,,,,,,مطار دبي الدولي,Dubai International Airport,محطة مترو صلاح الدين,Salah Al Din Metro Station,مول دبي,Dubai Mall,,,0,222.97,1044000.0,4682.24,,,10.0,1.0,0.0
1-11-2004-1535,11,1,مبايعات,Sales,بيع,Sell,10-07-2004,2,مبنى,Building,,,,سكني / تجاري,Residential / Commercial,1,العقارات القائمة,Existing Properties,235,عيال ناصر,Eyal Nasser,,,,,,,,مطار دبي الدولي,Dubai International Airport,محطات مترو نخلة ديرة,Palm Deira Metro Stations,مول دبي,Dubai Mall,,,0,300.54,6000000.0,19964.06,,,1.0,1.0,0.0
2-13-1998-229,13,2,رهون,Mortgages,تسجيل رهن,Mortgage Registration,04-07-2000,2,مبنى,Building,,,,تجاري,Commercial,1,العقارات القائمة,Existing Properties,242,الراس,Al Ras,,,,,,,,مطار دبي الدولي,Dubai International Airport,محطة مترو الراس,Al Ras Metro Station,مول دبي,Dubai Mall,,,0,63.55,4000000.0,62942.56,,,1.0,1.0,0.0
2-13-2005-1217,13,2,رهون,Mortgages,تسجيل رهن,Mortgage Registration,24-12-2005,4,فيلا,Villa,,,,سكني,Residential,1,العقارات القائمة,Existing Properties,232,مردف,Mirdif,,,,,,,,مطار دبي الدولي,Dubai International Airport,محطة مترو الراشدية,Rashidiya Metro Station,سيتي سنتر مردف,City Centre Mirdif,,,0,929.03,4050000.0,4359.39,,,1.0,1.0,0.0
1-11-2007-96,11,1,مبايعات,Sales,بيع,Sell,11-01-2007,4,فيلا,Villa,,,,سكني,Residential,1,العقارات القائمة,Existing Properties,232,مردف,Mirdif,,,,,,,,مطار دبي الدولي,Dubai International Airport,محطة مترو الراشدية,Rashidiya Metro Station,سيتي سنتر مردف,City Centre Mirdif,,,0,1381.1,4088150.0,2960.07,,,2.0,1.0,0.0
1-11-2014-14394,11,1,مبايعات,Sales,بيع,Sell,02-06-2014,4,فيلا,Villa,,,,سكني,Residential,1,العقارات القائمة,Existing Properties,232,مردف,Mirdif,,,,,,,,مطار دبي الدولي,Dubai International Airport,محطة مترو الراشدية,Rashidiya Metro Station,سيتي سنتر مردف,City Centre Mirdif,,,0,346.16,1500000.0,4333.26,,,1.0,1.0,0.0
1-4-2007-30,4,1,مبايعات,Sales,إضافة أرض بالبيع,Adding Land By Sell,15-07-2007,4,فيلا,Villa,,,,سكني,Residential,1,العقارات القائمة,Existing Properties,232,مردف,Mirdif,,,,,,,,مطار دبي الدولي,Dubai International Airport,محطة مترو الراشدية,Rashidiya Metro Station,سيتي سنتر مردف,City Centre Mirdif,,,0,445.93,384000.0,861.12,,,1.0,0.0,0.0
3-9-2004-97,9,3,هبات,Gifts,هبه,Grant,24-05-2004,4,فيلا,Villa,,,,سكني,Residential,1,العقارات القائمة,Existing Properties,232,مردف,Mirdif,,,,,,,,مطار دبي الدولي,Dubai International Airport,محطة مترو الراشدية,Rashidiya Metro Station,سيتي سنتر مردف,City Centre Mirdif,,,0,924.57,2000000.0,2163.17,,,1.0,2.0,0.0
1-11-2012-22657,11,1,مبايعات,Sales,بيع,Sell,27-11-2012,4,فيلا,Villa,,,,سكني,Residential,1,العقارات القائمة,Existing Properties,232,مردف,Mirdif,,,,,,,,مطار دبي الدولي,Dubai International Airport,محطة مترو الراشدية,Rashidiya Metro Station,سيتي سنتر مردف,City Centre Mirdif,,,0,2012.5,7040150.0,3498.21,,,2.0,1.0,0.0
1-11-2005-2145,11,1,مبايعات,Sales,بيع,Sell,09-11-2005,4,فيلا,Villa,,,,سكني,Residential,1,العقارات القائمة,Existing Properties,232,مردف,Mirdif,,,,,,,,مطار دبي الدولي,Dubai International Airport,محطة مترو الراشدية,Rashidiya Metro Station,سيتي سنتر مردف,City Centre Mirdif,,,0,696.77,1500000.0,2152.79,,,1.0,1.0,0.0
2-13-1999-837,13,2,رهون,Mortgages,تسجيل رهن,Mortgage Registration,05-06-1999,4,فيلا,Villa,,,,سكني,Residential,1,العقارات القائمة,Existing Properties,232,مردف,Mirdif,,,,,,,,مطار دبي الدولي,Dubai International Airport,محطة مترو الراشدية,Rashidiya Metro Station,سيتي سنتر مردف,City Centre Mirdif,,,0,1393.55,1840000.0,1320.37,,,1.0,1.0,0.0
3-9-2003-300058,9,3,هبات,Gifts,هبه,Grant,10-05-2003,4,فيلا,Villa,,,,سكني,Residential,1,العقارات القائمة,Existing Properties,232,مردف,Mirdif,,,,,,,,مطار دبي الدولي,Dubai International Airport,محطة مترو الراشدية,Rashidiya Metro Station,سيتي سنتر مردف,City Centre Mirdif,,,0,348.39,550000.0,1578.69,,,1.0,1.0,0.0
3-9-2020-2744,9,3,هبات,Gifts,هبه,Grant,27-12-2020,4,فيلا,Villa,,,,سكني,Residential,1,العقارات القائمة,Existing Properties,232,مردف,Mirdif,,,,,,,,مطار دبي الدولي,Dubai International Airport,محطة مترو الراشدية,Rashidiya Metro Station,سيتي سنتر مردف,City Centre Mirdif,,,0,1393.55,6500000.0,4664.35,,,1.0,1.0,0.0
1-11-2008-2018,11,1,مبايعات,Sales,بيع,Sell,17-04-2008,4,فيلا,Villa,,,,سكني,Residential,1,العقارات القائمة,Existing Properties,232,مردف,Mirdif,,,,,,,,مطار دبي الدولي,Dubai International Airport,محطة مترو الراشدية,Rashidiya Metro Station,سيتي سنتر مردف,City Centre Mirdif,,,0,1393.55,7300000.0,5238.42,,,1.0,1.0,0.0
1-11-2009-1041,11,1,مبايعات,Sales,بيع,Sell,01-06-2009,2,مبنى,Building,,,,سكني,Residential,1,العقارات القائمة,Existing Properties,232,مردف,Mirdif,,,,,,,,مطار دبي الدولي,Dubai International Airport,محطة مترو الراشدية,Rashidiya Metro Station,سيتي سنتر مردف,City Centre Mirdif,,,0,929.03,2300000.0,2475.7,,,1.0,1.0,0.0
1-11-2008-3101,11,1,مبايعات,Sales,بيع,Sell,26-05-2008,4,فيلا,Villa,,,,سكني,Residential,1,العقارات القائمة,Existing Properties,232,مردف,Mirdif,,,,,,,,مطار دبي الدولي,Dubai International Airport,محطة مترو الراشدية,Rashidiya Metro Station,سيتي سنتر مردف,City Centre Mirdif,,,0,696.77,3500000.0,5023.18,,,1.0,1.0,0.0
1-11-1998-730,11,1,مبايعات,Sales,بيع,Sell,13-07-1998,4,فيلا,Villa,,,,سكني,Residential,1,العقارات القائمة,Existing Properties,232,مردف,Mirdif,,,,,,,,مطار دبي الدولي,Dubai International Airport,محطة مترو الراشدية,Rashidiya Metro Station,سيتي سنتر مردف,City Centre Mirdif,,,0,929.03,400000.0,430.56,,,1.0,1.0,0.0
2-13-1998-6,13,2,رهون,Mortgages,تسجيل رهن,Mortgage Registration,21-05-1998,4,فيلا,Villa,,,,سكني,Residential,1,العقارات القائمة,Existing Properties,232,مردف,Mirdif,,,,,,,,مطار دبي الدولي,Dubai International Airport,محطة مترو الراشدية,Rashidiya Metro Station,سيتي سنتر مردف,City Centre Mirdif,,,0,1344.59,696377.0,517.91,,,1.0,1.0,0.0
2-13-2016-8868,13,2,رهون,Mortgages,تسجيل رهن,Mortgage Registration,28-11-2016,4,فيلا,Villa,,,,سكني,Residential,1,العقارات القائمة,Existing Properties,232,مردف,Mirdif,,,,,,,,مطار دبي الدولي,Dubai International Airport,محطة مترو الراشدية,Rashidiya Metro Station,سيتي سنتر مردف,City Centre Mirdif,,,0,696.77,2850000.0,4090.3,,,1.0,1.0,0.0
1-11-2012-4266,11,1,مبايعات,Sales,بيع,Sell,14-03-2012,4,فيلا,Villa,,,,سكني,Residential,1,العقارات القائمة,Existing Properties,232,مردف,Mirdif,,,,,,,,مطار دبي الدولي,Dubai International Airport,محطة مترو الراشدية,Rashidiya Metro Station,سيتي سنتر مردف,City Centre Mirdif,,,0,924.57,4750000.0,5137.52,,,3.0,1.0,0.0
2-13-1987-15,13,2,رهون,Mortgages,تسجيل رهن,Mortgage Registration,17-06-2001,4,فيلا,Villa,,,,سكني,Residential,1,العقارات القائمة,Existing Properties,232,مردف,Mirdif,,,,,,,,مطار دبي الدولي,Dubai International Airport,محطة مترو الراشدية,Rashidiya Metro Station,سيتي سنتر مردف,City Centre Mirdif,,,0,941.76,500000.0,530.92,,,1.0,1.0,0.0
2-13-2001-50,13,2,رهون,Mortgages,تسجيل رهن,Mortgage Registration,15-01-2001,4,فيلا,Villa,,,,سكني,Residential,1,العقارات القائمة,Existing Properties,232,مردف,Mirdif,,,,,,,,مطار دبي الدولي,Dubai International Airport,محطة مترو الراشدية,Rashidiya Metro Station,سيتي سنتر مردف,City Centre Mirdif,,,0,696.77,674798.0,968.47,,,5.0,1.0,0.0
1-11-2001-411,11,1,مبايعات,Sales,بيع,Sell,01-05-2001,4,فيلا,Villa,,,,سكني,Residential,1,العقارات القائمة,Existing Properties,232,مردف,Mirdif,,,,,,,,مطار دبي الدولي,Dubai International Airport,محطة مترو الراشدية,Rashidiya Metro Station,سيتي سنتر مردف,City Centre Mirdif,,,0,696.77,250000.0,358.8,,,1.0,1.0,0.0
2-13-2019-8627,13,2,رهون,Mortgages,تسجيل رهن,Mortgage Registration,18-12-2019,2,مبنى,Building,,,,سكني,Residential,1,العقارات القائمة,Existing Properties,249,المطينه,Al Muteena,,,,,,,,مطار دبي الدولي,Dubai International Airport,محطة مترو صلاح الدين,Salah Al Din Metro Station,مول دبي,Dubai Mall,,,0,1940.19,26898000.0,13863.59,,,1.0,1.0,0.0
1-11-2013-35018,11,1,مبايعات,Sales,بيع,Sell,29-10-2013,2,مبنى,Building,,,,تجاري,Commercial,1,العقارات القائمة,Existing Properties,238,الضغايه,Al Dhagaya,,,,,,,,,,,,,,,,0,101.45,7000000.0,68999.51,,,1.0,2.0,0.0
1-11-2020-3912,11,1,مبايعات,Sales,بيع,Sell,14-05-2020,2,مبنى,Building,,,,تجاري,Commercial,1,العقارات القائمة,Existing Properties,247,الخبيصى,Al Khabeesi,,,,,,,,مطار دبي الدولي,Dubai International Airport,محطة مترو أبو بكر الصديق,Abu Baker Al Siddique Metro Station,مول دبي,Dubai Mall,,,0,1080.83,22000000.0,20354.73,,,1.0,1.0,0.0
1-11-2015-18221,11,1,مبايعات,Sales,بيع,Sell,10-12-2015,2,مبنى,Building,,,,سكني / تجاري,Residential / Commercial,1,العقارات القائمة,Existing Properties,233,هور العنز,Hor Al Anz,,,,,,,,مطار دبي الدولي,Dubai International Airport,محطة مترو أبو بكر الصديق,Abu Baker Al Siddique Metro Station,مول دبي,Dubai Mall,,,0,232.26,8400000.0,36166.37,,,1.0,1.0,0.0
1-11-2007-1329,11,1,مبايعات,Sales,بيع,Sell,10-05-2007,4,فيلا,Villa,,,,سكني,Residential,1,العقارات القائمة,Existing Properties,233,هور العنز,Hor Al Anz,,,,,,,,مطار دبي الدولي,Dubai International Airport,محطة مترو أبو بكر الصديق,Abu Baker Al Siddique Metro Station,,,,,0,192.31,2100000.0,10919.87,,,1.0,1.0,0.0
1-11-2001-389,11,1,مبايعات,Sales,بيع,Sell,28-04-2001,1,أرض,Land,,,,تجاري,Commercial,1,العقارات القائمة,Existing Properties,292,البرشاء,Al Barsha,,,,,,,,,,,,,,,,0,5291.29,12530100.0,2368.06,,,3.0,2.0,0.0
1-11-2004-300048,11,1,مبايعات,Sales,بيع,Sell,05-05-2004,2,مبنى,Building,,,,سكني / تجاري,Residential / Commercial,1,العقارات القائمة,Existing Properties,234,هور العنز شرق,Hor Al Anz East,,,,,,,,مطار دبي الدولي,Dubai International Airport,محطة مترو القيادة,Al Qiyadah Metro Station,سيتي سنتر مردف,City Centre Mirdif,,,0,211.82,941990.0,4447.12,,,1.0,1.0,0.0
1-11-1998-583,11,1,مبايعات,Sales,بيع,Sell,17-06-1998,2,مبنى,Building,,,,سكني,Residential,1,العقارات القائمة,Existing Properties,269,الحمريه,Al Hamriya,,,,,,,,مطار دبي الدولي,Dubai International Airport,محطة مترو برجمان,Burjuman Metro Station,مول دبي,Dubai Mall,,,0,1014.97,5462500.0,5381.93,,,1.0,2.0,0.0
3-9-2004-49,9,3,هبات,Gifts,هبه,Grant,14-03-2004,4,فيلا,Villa,,,,سكني,Residential,1,العقارات القائمة,Existing Properties,230,ابو هيل,Abu Hail,,,,,,,,مطار دبي الدولي,Dubai International Airport,محطة مترو أبو بكر الصديق,Abu Baker Al Siddique Metro Station,,,,,0,929.03,1500000.0,1614.59,,,1.0,1.0,0.0
1-11-2000-623,11,1,مبايعات,Sales,بيع,Sell,16-09-2000,4,فيلا,Villa,,,,سكني,Residential,1,العقارات القائمة,Existing Properties,234,هور العنز شرق,Hor Al Anz East,,,,,,,,مطار دبي الدولي,Dubai International Airport,محطة مترو أبو هيل,Abu Hail Metro Station,سيتي سنتر مردف,City Centre Mirdif,,,0,794.32,1100000.0,1384.83,,,1.0,1.0,0.0
2-13-2000-195,13,2,رهون,Mortgages,تسجيل رهن,Mortgage Registration,12-03-2000,4,فيلا,Villa,,,,سكني,Residential,1,العقارات القائمة,Existing Properties,264,ند الحمر,Nad Al Hamar,,,,,,,,مطار دبي الدولي,Dubai International Airport,محطة مترو الراشدية,Rashidiya Metro Station,سيتي سنتر مردف,City Centre Mirdif,,,0,1393.55,500000.0,358.8,,,1.0,1.0,0.0
2-13-2007-2037,13,2,رهون,Mortgages,تسجيل رهن,Mortgage Registration,04-11-2007,4,فيلا,Villa,,,,سكني,Residential,1,العقارات القائمة,Existing Properties,230,ابو هيل,Abu Hail,,,,,,,,مطار دبي الدولي,Dubai International Airport,محطة مترو أبو بكر الصديق,Abu Baker Al Siddique Metro Station,,,,,0,230.12,1500000.0,6518.34,,,1.0,1.0,0.0
3-9-2003-168,9,3,هبات,Gifts,هبه,Grant,24-12-2003,1,أرض,Land,,,,سكني,Residential,1,العقارات القائمة,Existing Properties,264,ند الحمر,Nad Al Hamar,,,,,,,,مطار دبي الدولي,Dubai International Airport,محطة مترو الراشدية,Rashidiya Metro Station,سيتي سنتر مردف,City Centre Mirdif,,,0,1431.17,770250.0,538.2,,,1.0,4.0,0.0
2-14-1999-13,14,2,رهون,Mortgages,تعديل رهن,Modify Mortgage,17-02-1999,2,مبنى,Building,,,,سكني,Residential,1,العقارات القائمة,Existing Properties,239,البراحه,Al Baraha,,,,,,,,مطار دبي الدولي,Dubai International Airport,محطة مترو صلاح الدين,Salah Al Din Metro Station,مول دبي,Dubai Mall,,,0,407.94,5053048.0,12386.74,,,1.0,1.0,0.0
1-11-2011-20836,11,1,مبايعات,Sales,بيع,Sell,28-12-2011,4,فيلا,Villa,,,,سكني,Residential,1,العقارات القائمة,Existing Properties,298,الورقاء الثالثه,Al Warqa Third,,,,,,,,مطار دبي الدولي,Dubai International Airport,محطة مترو الراشدية,Rashidiya Metro Station,سيتي سنتر مردف,City Centre Mirdif,,,0,1116.32,1650000.0,1478.07,,,1.0,2.0,0.0
2-13-2006-996,13,2,رهون,Mortgages,تسجيل رهن,Mortgage Registration,22-07-2006,4,فيلا,Villa,,,,سكني,Residential,1,العقارات القائمة,Existing Properties,354,الورقاء الثانيه,Al Warqa Second,,,,,,,,مطار دبي الدولي,Dubai International Airport,محطة مترو الراشدية,Rashidiya Metro Station,سيتي سنتر مردف,City Centre Mirdif,,,0,1113.44,750000.0,673.59,,,1.0,1.0,0.0
2-13-1999-417,13,2,رهون,Mortgages,تسجيل رهن,Mortgage Registration,03-04-1999,4,فيلا,Villa,,,,سكني,Residential,1,العقارات القائمة,Existing Properties,359,الطوار الثالثه,Al Twar Third,,,,,,,,مطار دبي الدولي,Dubai International Airport,محطة مترو اتصالات,Etisalat Metro Station,سيتي سنتر مردف,City Centre Mirdif,,,0,1393.55,500000.0,358.8,,,1.0,1.0,0.0
2-14-2012-210,14,2,رهون,Mortgages,تعديل رهن,Modify Mortgage,25-03-2012,4,فيلا,Villa,,,,سكني,Residential,1,العقارات القائمة,Existing Properties,298,الورقاء الثالثه,Al Warqa Third,,,,,,,,مطار دبي الدولي,Dubai International Airport,محطة مترو الراشدية,Rashidiya Metro Station,سيتي سنتر مردف,City Centre Mirdif,,,0,1405.34,750000.0,533.68,,,1.0,1.0,0.0
2-13-2009-430,13,2,رهون,Mortgages,تسجيل رهن,Mortgage Registration,09-03-2009,4,فيلا,Villa,,,,سكني,Residential,1,العقارات القائمة,Existing Properties,354,الورقاء الثانيه,Al Warqa Second,,,,,,,,مطار دبي الدولي,Dubai International Airport,محطة مترو الراشدية,Rashidiya Metro Station,سيتي سنتر مردف,City Centre Mirdif,,,0,1095.14,1738046.0,1587.05,,,1.0,1.0,0.0
1-11-2016-7302,11,1,مبايعات,Sales,بيع,Sell,19-06-2016,4,فيلا,Villa,,,,سكني,Residential,1,العقارات القائمة,Existing Properties,375,جميرا الثانيه,Jumeirah Second,,,,,,,,برج خليفة,Burj Khalifa,محطة مترو الخليج التجاري,Business Bay Metro Station,مول دبي,Dubai Mall,,,0,915.92,5900000.0,6441.61,,,2.0,1.0,0.0
2-13-2016-8544,13,2,رهون,Mortgages,تسجيل رهن,Mortgage Registration,17-11-2016,2,مبنى,Building,,,,سكني / تجاري,Residential / Commercial,1,العقارات القائمة,Existing Properties,271,الكرامه,Al Karama,,,,,,,,برج خليفة,Burj Khalifa,محطة مترو بنك أبوظبي التجاري,ADCB Metro Station,مول دبي,Dubai Mall,,,0,2278.91,,65820.94,,,1.0,1.0,0.0
2-13-2008-1160,13,2,رهون,Mortgages,تسجيل رهن,Mortgage Registration,05-06-2008,4,فيلا,Villa,,,,سكني,Residential,1,العقارات القائمة,Existing Properties,316,المزهر الاولى,Al Mezhar First,,,,,,,,مطار دبي الدولي,Dubai International Airport,محطة مترو اتصالات,Etisalat Metro Station,سيتي سنتر مردف,City Centre Mirdif,,,0,1374.96,500000.0,363.65,,,1.0,1.0,0.0
2-14-2018-852,14,2,رهون,Mortgages,تعديل رهن,Modify Mortgage,07-08-2018,4,فيلا,Villa,,,,سكني,Residential,1,العقارات القائمة,Existing Properties,357,القصيص الثانيه,Al Qusais Second,,,,,,,,مطار دبي الدولي,Dubai International Airport,المنطقة الحرة بالمطار,Airport Free Zone,سيتي سنتر مردف,City Centre Mirdif,,,0,1393.55,800000.0,574.07,,,1.0,1.0,0.0
2-13-2012-4008,13,2,رهون,Mortgages,تسجيل رهن,Mortgage Registration,15-10-2012,2,مبنى,Building,,,,سكني / تجاري,Residential / Commercial,1,العقارات القائمة,Existing Properties,301,النهده الثانيه,Al Nahda Second,,,,,,,,مطار دبي الدولي,Dubai International Airport,محطة مترو الاستاد,STADIUM Metro Station,سيتي سنتر مردف,City Centre Mirdif,,,0,2375.9,46600000.0,19613.62,,,1.0,1.0,0.0
2-13-2018-4145,13,2,رهون,Mortgages,تسجيل رهن,Mortgage Registration,16-05-2018,4,فيلا,Villa,,,,سكني,Residential,1,العقارات القائمة,Existing Properties,312,محيصنه الاولى,Muhaisanah First,,,,,,,,مطار دبي الدولي,Dubai International Airport,محطة مترو اتصالات,Etisalat Metro Station,سيتي سنتر مردف,City Centre Mirdif,,,0,1983.48,300000.0,151.25,,,1.0,1.0,0.0
2-14-2010-587,14,2,رهون,Mortgages,تعديل رهن,Modify Mortgage,21-12-2010,4,فيلا,Villa,,,,سكني,Residential,1,العقارات القائمة,Existing Properties,369,البرشاء الثالثه,Al Barsha Third,,,,,,,,برج العرب,Burj Al Arab,مدينة دبي للإنترنت,Dubai Internet City,مول الإمارات,Mall of the Emirates,,,0,1505.31,6644000.0,4413.71,,,1.0,1.0,0.0
2-13-1999-927,13,2,رهون,Mortgages,تسجيل رهن,Mortgage Registration,15-06-1999,4,فيلا,Villa,,,,سكني,Residential,1,العقارات القائمة,Existing Properties,303,ام سقيم الاولى,Um Suqaim First,,,,,,,,برج العرب,Burj Al Arab,محطة مترو نور بنك,Noor Bank Metro Station,مول الإمارات,Mall of the Emirates,,,0,1374.31,500000.0,363.82,,,1.0,1.0,0.0
2-13-1999-924,13,2,رهون,Mortgages,تسجيل رهن,Mortgage Registration,15-06-1999,4,فيلا,Villa,,,,سكني,Residential,1,العقارات القائمة,Existing Properties,304,ام سقيم الثانيه,Um Suqaim Second,,,,,,,,برج العرب,Burj Al Arab,محطة مترو نور بنك,Noor Bank Metro Station,مول الإمارات,Mall of the Emirates,,,0,1374.96,500000.0,363.65,,,1.0,1.0,0.0
2-14-2004-56,14,2,رهون,Mortgages,تعديل رهن,Modify Mortgage,18-04-2004,4,فيلا,Villa,,,,سكني,Residential,1,العقارات القائمة,Existing Properties,313,الصفا الاولى,Al Saffa First,,,,,,,,وسط مدينة دبي,Downtown Dubai,محطة مترو نور بنك,Noor Bank Metro Station,مول دبي,Dubai Mall,,,0,1059.09,1500000.0,1416.31,,,1.0,1.0,0.0
2-14-2002-22,14,2,رهون,Mortgages,تعديل رهن,Modify Mortgage,28-01-2002,4,فيلا,Villa,,,,سكني / تجاري,Residential / Commercial,1,العقارات القائمة,Existing Properties,375,جميرا الثانيه,Jumeirah Second,,,,,,,,برج خليفة,Burj Khalifa,محطة مترو الخليج التجاري,Business Bay Metro Station,مول دبي,Dubai Mall,,,0,6572.89,12000000.0,1825.68,,,1.0,1.0,0.0
2-13-1999-1433,13,2,رهون,Mortgages,تسجيل رهن,Mortgage Registration,15-08-1999,4,فيلا,Villa,,,,سكني,Residential,1,العقارات القائمة,Existing Properties,316,المزهر الاولى,Al Mezhar First,,,,,,,,مطار دبي الدولي,Dubai International Airport,محطة مترو اتصالات,Etisalat Metro Station,سيتي سنتر مردف,City Centre Mirdif,,,0,1393.55,500000.0,358.8,,,1.0,1.0,0.0
2-13-1999-1490,13,2,رهون,Mortgages,تسجيل رهن,Mortgage Registration,17-08-1999,4,فيلا,Villa,,,,سكني,Residential,1,العقارات القائمة,Existing Properties,374,ام الشيف,Um Al Sheif,,,,,,,,برج العرب,Burj Al Arab,محطة مترو بنك أبوظبي الأول,First Abu Dhabi Bank Metro Station,مول الإمارات,Mall of the Emirates,,,0,1532.9,500000.0,326.18,,,1.0,1.0,0.0
3-9-2008-300098,9,3,هبات,Gifts,هبه,Grant,14-09-2008,4,فيلا,Villa,,,,تجاري,Commercial,1,العقارات القائمة,Existing Properties,317,جميرا الاولى,Jumeirah First,,,,,,,,برج خليفة,Burj Khalifa,محطة مترو أبراج الإمارات,Emirates Towers Metro Station,مول دبي,Dubai Mall,,,0,1035.31,10036286.0,9693.99,,,13.0,6.0,0.0
2-13-2003-711,13,2,رهون,Mortgages,تسجيل رهن,Mortgage Registration,22-09-2003,4,فيلا,Villa,,,,سكني,Residential,1,العقارات القائمة,Existing Properties,298,الورقاء الثالثه,Al Warqa Third,,,,,,,,مطار دبي الدولي,Dubai International Airport,محطة مترو الراشدية,Rashidiya Metro Station,سيتي سنتر مردف,City Centre Mirdif,,,0,1113.72,500000.0,448.95,,,1.0,1.0,0.0
2-13-1999-1656,13,2,رهون,Mortgages,تسجيل رهن,Mortgage Registration,11-09-1999,4,فيلا,Villa,,,,سكني,Residential,1,العقارات القائمة,Existing Properties,264,ند الحمر,Nad Al Hamar,,,,,,,,مطار دبي الدولي,Dubai International Airport,محطة مترو الراشدية,Rashidiya Metro Station,سيتي سنتر مردف,City Centre Mirdif,,,0,1393.55,500000.0,358.8,,,1.0,1.0,0.0
3-9-2018-2723,9,3,هبات,Gifts,هبه,Grant,07-10-2018,2,مبنى,Building,,,,سكني / تجاري,Residential / Commercial,1,العقارات القائمة,Existing Properties,267,الرفاعه,Al Raffa,,,,,,,,برج خليفة,Burj Khalifa,محطة مترو بنك أبوظبي التجاري,ADCB Metro Station,مول دبي,Dubai Mall,,,0,3309.67,2593800.0,783.7,,,1.0,1.0,0.0
3-9-2021-275,9,3,هبات,Gifts,هبه,Grant,28-01-2021,2,مبنى,Building,,,,سكني / تجاري,Residential / Commercial,1,العقارات القائمة,Existing Properties,242,الراس,Al Ras,,,,,,,,مطار دبي الدولي,Dubai International Airport,محطة مترو الراس,Al Ras Metro Station,مول دبي,Dubai Mall,,,0,890.01,28571291.0,32102.21,,,1.0,5.0,0.0
2-14-2008-42,14,2,رهون,Mortgages,تعديل رهن,Modify Mortgage,31-01-2008,2,مبنى,Building,,,,سكني / تجاري,Residential / Commercial,1,العقارات القائمة,Existing Properties,267,الرفاعه,Al Raffa,,,,,,,,برج خليفة,Burj Khalifa,محطة مترو الفهيدي,Al Fahidi Metro Station,مول دبي,Dubai Mall,,,0,2115.87,,47261.88,,,1.0,1.0,0.0
2-13-2000-365,13,2,رهون,Mortgages,تسجيل رهن,Mortgage Registration,20-05-2000,4,فيلا,Villa,,,,سكني,Residential,1,العقارات القائمة,Existing Properties,357,القصيص الثانيه,Al Qusais Second,,,,,,,,مطار دبي الدولي,Dubai International Airport,محطة مترو القصيص,Al Qusais Metro Station,سيتي سنتر مردف,City Centre Mirdif,,,0,1148.56,500000.0,435.33,,,1.0,1.0,0.0
2-13-2007-741,13,2,رهون,Mortgages,تسجيل رهن,Mortgage Registration,20-05-2007,4,فيلا,Villa,,,,سكني,Residential,1,العقارات القائمة,Existing Properties,316,المزهر الاولى,Al Mezhar First,,,,,,,,مطار دبي الدولي,Dubai International Airport,محطة مترو اتصالات,Etisalat Metro Station,سيتي سنتر مردف,City Centre Mirdif,,,0,1393.55,1575258.0,1130.39,,,1.0,1.0,0.0
1-11-2002-825,11,1,مبايعات,Sales,بيع,Sell,14-05-2002,4,فيلا,Villa,,,,سكني,Residential,1,العقارات القائمة,Existing Properties,374,ام الشيف,Um Al Sheif,,,,,,,,برج العرب,Burj Al Arab,محطة مترو بنك أبوظبي الأول,First Abu Dhabi Bank Metro Station,مول الإمارات,Mall of the Emirates,,,0,1374.96,1435600.0,1044.1,,,1.0,1.0,0.0
2-14-2016-186,14,2,رهون,Mortgages,تعديل رهن,Modify Mortgage,29-02-2016,4,فيلا,Villa,,,,تجاري,Commercial,1,العقارات القائمة,Existing Properties,315,المناره,Al Manara,,,,,,,,برج العرب,Burj Al Arab,محطة مترو بنك أبوظبي الأول,First Abu Dhabi Bank Metro Station,مول الإمارات,Mall of the Emirates,,,0,1407.57,12350000.0,8773.99,,,1.0,1.0,0.0
1-11-2005-1206,11,1,مبايعات,Sales,بيع,Sell,09-05-2005,4,فيلا,Villa,,,,سكني,Residential,1,العقارات القائمة,Existing Properties,233,هور العنز,Hor Al Anz,,,,,,,,مطار دبي الدولي,Dubai International Airport,محطة مترو أبو هيل,Abu Hail Metro Station,,,,,0,226.4,1350000.0,5962.9,,,1.0,1.0,0.0
2-13-2001-913,13,2,رهون,Mortgages,تسجيل رهن,Mortgage Registration,26-11-2001,4,فيلا,Villa,,,,سكني,Residential,1,العقارات القائمة,Existing Properties,336,ند الشبا الثانيه,Nad Al Shiba Second,,,,,,,,وسط مدينة دبي,Downtown Dubai,محطة مترو الخور,Creek Metro Station,مول دبي,Dubai Mall,,,0,8187.08,2440768.0,298.12,,,1.0,1.0,0.0
2-14-2019-720,14,2,رهون,Mortgages,تعديل رهن,Modify Mortgage,08-09-2019,2,مبنى,Building,,,,سكني / تجاري,Residential / Commercial,1,العقارات القائمة,Existing Properties,271,الكرامه,Al Karama,,,,,,,,,,,,,,,,0,1686.56,87600000.0,51940.04,,,1.0,1.0,0.0
1-11-2012-1180,11,1,مبايعات,Sales,بيع,Sell,29-01-2012,4,فيلا,Villa,,,,سكني,Residential,1,العقارات القائمة,Existing Properties,310,الطوار الثانيه,Al Twar Second,,,,,,,,مطار دبي الدولي,Dubai International Airport,محطة مترو القصيص,Al Qusais Metro Station,سيتي سنتر مردف,City Centre Mirdif,,,0,766.45,1526232.0,1991.3,,,7.0,1.0,0.0
1-11-2002-300007,11,1,مبايعات,Sales,بيع,Sell,21-01-2002,4,فيلا,Villa,,,,سكني,Residential,1,العقارات القائمة,Existing Properties,300,الراشديه,Al Rashidiya,,,,,,,,مطار دبي الدولي,Dubai International Airport,محطة مترو الراشدية,Rashidiya Metro Station,سيتي سنتر مردف,City Centre Mirdif,,,0,111.48,50000.0,448.51,,,1.0,1.0,0.0
1-11-2004-2602,11,1,مبايعات,Sales,بيع,Sell,21-12-2004,4,فيلا,Villa,,,,سكني,Residential,1,العقارات القائمة,Existing Properties,230,ابو هيل,Abu Hail,,,,,,,,مطار دبي الدولي,Dubai International Airport,محطة مترو أبو هيل,Abu Hail Metro Station,,,,,0,232.26,650000.0,2798.59,,,2.0,1.0,0.0
2-13-1997-90,13,2,رهون,Mortgages,تسجيل رهن,Mortgage Registration,26-06-2000,4,فيلا,Villa,,,,سكني,Residential,1,العقارات القائمة,Existing Properties,239,البراحه,Al Baraha,,,,,,,,مطار دبي الدولي,Dubai International Airport,محطة مترو صلاح الدين,Salah Al Din Metro Station,,,,,0,929.03,500000.0,538.2,,,1.0,1.0,0.0
2-14-2012-159,14,2,رهون,Mortgages,تعديل رهن,Modify Mortgage,05-03-2012,4,فيلا,Villa,,,,سكني,Residential,1,العقارات القائمة,Existing Properties,318,جميرا الثالثه,Jumeirah Third,,,,,,,,برج خليفة,Burj Khalifa,محطة مترو نور بنك,Noor Bank Metro Station,مول دبي,Dubai Mall,,,0,936.0,5000000.0,5341.88,,,1.0,1.0,0.0
2-14-2000-86,14,2,رهون,Mortgages,تعديل رهن,Modify Mortgage,05-07-2000,4,فيلا,Villa,,,,سكني,Residential,1,العقارات القائمة,Existing Properties,318,جميرا الثالثه,Jumeirah Third,,,,,,,,برج خليفة,Burj Khalifa,محطة مترو نور بنك,Noor Bank Metro Station,مول دبي,Dubai Mall,,,0,936.0,4000000.0,4273.5,,,1.0,1.0,0.0
3-9-2023-326,9,3,هبات,Gifts,هبه,Grant,26-01-2023,4,فيلا,Villa,,,,سكني,Residential,1,العقارات القائمة,Existing Properties,300,الراشديه,Al Rashidiya,,,,,,,,مطار دبي الدولي,Dubai International Airport,محطة مترو الراشدية,Rashidiya Metro Station,سيتي سنتر مردف,City Centre Mirdif,,,0,5937.06,11000000.0,1852.77,,,11.0,1.0,0.0
3-9-2000-130,9,3,هبات,Gifts,هبه,Grant,08-10-2000,4,فيلا,Villa,,,,سكني,Residential,1,العقارات القائمة,Existing Properties,300,الراشديه,Al Rashidiya,,,,,,,,مطار دبي الدولي,Dubai International Airport,محطة مترو الراشدية,Rashidiya Metro Station,سيتي سنتر مردف,City Centre Mirdif,,,0,929.03,900000.0,968.75,,,1.0,1.0,0.0
1-11-2006-300136,11,1,مبايعات,Sales,بيع,Sell,21-12-2006,4,فيلا,Villa,,,,سكني,Residential,1,العقارات القائمة,Existing Properties,393,البرشاء الثانيه,Al Barsha Second,,,,,,,,برج العرب,Burj Al Arab,محطة مترو شرف دي جي,Sharaf Dg Metro Station,مول الإمارات,Mall of the Emirates,,,0,464.52,1100000.0,2368.04,,,1.0,2.0,0.0
2-13-2006-1452,13,2,رهون,Mortgages,تسجيل رهن,Mortgage Registration,02-11-2006,4,فيلا,Villa,,,,سكني,Residential,1,العقارات القائمة,Existing Properties,369,البرشاء الثالثه,Al Barsha Third,,,,,,,,أكاديمية المدينة الرياضية للسباحة,Sports City Swimming Academy,مدينة دبي للإنترنت,Dubai Internet City,مول الإمارات,Mall of the Emirates,,,0,1374.96,5908232.0,4297.02,,,2.0,1.0,0.0
